AREAKEY,TRCTPOP1,MDFAMY1A,MDVALHS1A
36005000100,11091,0,0
36005000200,4334,58368,392500
36005000400,5503,73148,393700
36005001600,5643,33555,378100
36005001900,1917,25489,0
36005002000,8731,30817,398100
36005002300,4933,20342,0
36005002400,4,0,0
36005002500,5491,17048,381300
36005002701,3113,25269,0
36005002702,4475,21140,350000
36005002800,5586,55922,262000
36005003100,1597,38398,115600
36005003300,3413,17034,335700
36005003500,3761,27682,0
36005003700,245,23884,0
36005003800,1264,56094,472100
36005003900,6475,31556,467300
36005004001,1420,45865,361400
36005004100,6127,20649,237000
36005004200,7143,42180,211000
36005004300,5056,23156,423700
36005004400,4797,22331,641800
36005004600,1555,41607,87300
36005004800,3883,21908,230600
36005005001,4767,40345,380400
36005005002,5823,26269,0
36005005100,5810,22118,0
36005005200,2031,35673,214600
36005005300,4669,22576,0
36005005400,5853,35385,446400
36005005600,2711,42093,460700
36005005902,2582,41190,157300
36005006000,1129,28309,487500
36005006100,3713,52792,25100
36005006200,6585,21590,505700
36005006300,5280,31275,242600
36005006400,3967,44386,449500
36005006500,5337,22344,34400
36005006700,6984,19564,460400
36005006800,2897,44922,486100
36005006900,7564,28496,462200
36005007000,4584,48869,471800
36005007100,1907,30781,222900
36005007200,5432,44324,415000
36005007300,3893,32522,428000
36005007400,3710,51944,349200
36005007500,4869,27897,254000
36005007600,5190,40089,453100
36005007700,1927,44025,441000
36005007800,6418,42299,454900
36005007900,6733,32022,0
36005008300,6155,26642,310300
36005008400,2374,77404,440900
36005008500,5457,30568,408500
36005008600,4176,37292,379800
36005008700,5466,32551,302200
36005008900,3177,26168,339500
36005009000,3667,25370,372500
36005009200,5017,47593,437900
36005009300,6356,30257,433600
36005009600,2594,43664,523100
36005009800,5038,51563,408500
36005011000,151,0,0
36005011502,4340,21461,372200
36005011700,1585,8542,0
36005011800,5089,89087,437300
36005011900,5698,21773,377800
36005012101,3090,38029,464400
36005012102,1631,12294,350000
36005012300,4152,19857,370800
36005012500,3905,33590,426400
36005012701,2253,23981,340500
36005012901,4015,22857,291200
36005013000,1032,90764,495700
36005013100,5103,25194,434500
36005013200,5890,86547,454100
36005013300,6384,24282,219300
36005013500,3583,25156,293600
36005013800,3042,76875,304600
36005014100,3437,28319,0
36005014300,1003,16250,0
36005014400,5880,31591,462200
36005014500,5816,22571,541700
36005014701,6461,23470,0
36005014702,5110,16530,0
36005014900,4591,30285,450000
36005015100,5409,30266,395500
36005015200,2341,60139,430900
36005015300,4031,31635,326200
36005015500,3005,33750,0
36005015700,3580,29239,363600
36005015800,1206,55167,494100
36005015900,2164,31150,148600
36005016000,3767,89066,443000
36005016100,4380,21393,500000
36005016200,1769,85625,473900
36005016300,0,0,0
36005016400,1141,91389,448900
36005016500,1077,16607,0
36005016600,2166,87031,432400
36005016700,2047,37841,0
36005016900,1663,26389,355800
36005017100,0,0,0
36005017300,5987,23307,352600
36005017500,6911,17328,0
36005017701,4294,17127,517900
36005017702,4805,22405,384800
36005017901,4677,30455,586400
36005017902,3587,31288,0
36005018101,3300,34092,454800
36005018102,5555,38158,559500
36005018301,4525,33661,166700
36005018302,3647,38685,148900
36005018400,3855,65643,463700
36005018500,7466,27704,411500
36005018900,7752,35893,232500
36005019300,5461,17816,226100
36005019400,1903,42903,447800
36005019500,7756,40220,237500
36005019700,7501,25198,204400
36005019900,8154,30599,470700
36005020000,4878,35467,464500
36005020100,4013,27813,9999
36005020200,2155,41406,509500
36005020400,2976,42348,511800
36005020501,6996,30496,480600
36005020502,1764,26818,415700
36005020601,3050,55568,464700
36005020900,4361,32744,0
36005021001,8521,50697,131700
36005021002,6839,55198,121800
36005021100,5565,32436,0
36005021200,5267,52891,124100
36005021301,1201,22063,625000
36005021302,5415,30262,474600
36005021501,3506,30735,427400
36005021502,6051,26135,159800
36005021601,4206,29821,141200
36005021602,5769,50044,122800
36005021700,5334,17281,267300
36005021800,6499,35364,433300
36005021900,1367,40625,0
36005022000,1487,14600,489100
36005022101,3849,27880,0
36005022102,5488,21368,225000
36005022200,3425,29836,373900
36005022300,5047,29210,0
36005022401,2708,35270,139300
36005022403,3188,44787,105400
36005022404,4509,50357,110300
36005022500,7698,31921,466700
36005022701,5196,35043,441300
36005022702,1699,53201,0
36005022703,1556,37734,0
36005022800,6218,46418,462700
36005022901,5370,30167,0
36005022902,3273,19306,0
36005023000,2950,52622,471400
36005023100,1537,26950,0
36005023200,2661,62361,419900
36005023301,4377,30948,0
36005023302,3415,18988,350000
36005023501,3341,29740,0
36005023502,4386,28469,255000
36005023600,1907,52625,454500
36005023702,1241,20357,1000001
36005023703,5253,22235,41200
36005023704,3758,30647,0
36005023800,2615,47870,458600
36005023900,8348,18085,0
36005024000,3882,39531,433200
36005024100,6182,25262,375000
36005024300,5685,25899,359600
36005024400,2120,87629,440100
36005024501,4864,25820,522300
36005024502,3640,35271,580700
36005024600,2058,70260,483500
36005024700,1764,45994,0
36005024800,3363,76563,500700
36005024900,0,0,0
36005025000,2383,62969,474300
36005025100,6802,32671,444100
36005025200,2530,54195,480300
36005025300,6332,21461,439200
36005025400,1959,63024,476700
36005025500,6529,24534,532900
36005025600,1663,80833,445200
36005025700,1912,41164,172200
36005026100,1932,59423,139100
36005026300,6984,23272,0
36005026400,4935,73533,429200
36005026500,6942,28108,554500
36005026601,2911,67596,424600
36005026602,5301,53849,436100
36005026701,4037,26100,0
36005026702,7040,37597,437000
36005026900,3777,34489,153800
36005027300,7942,43000,198200
36005027401,4785,80404,518800
36005027402,3386,64766,562000
36005027600,473,0,0
36005027700,5065,36567,356300
36005027900,6966,52837,260500
36005028100,3794,62159,26600
36005028300,3149,37066,19000
36005028400,894,34667,0
36005028500,3307,50941,416700
36005028600,1191,107841,448500
36005028700,3178,58526,465000
36005028800,3097,75735,526000
36005028900,4502,44091,16800
36005029301,1875,139597,482600
36005029302,5052,105163,251600
36005029500,4240,93906,247000
36005029600,2549,59833,524700
36005029700,3554,101375,309700
36005030000,5838,57829,449800
36005030100,1304,130294,386300
36005030200,8887,67219,80300
36005030701,5378,143750,405000
36005030900,3891,113324,500600
36005031000,4415,92127,553300
36005031200,1524,96250,462900
36005031400,1966,93523,455600
36005031600,1863,76458,515000
36005031800,1810,62337,469700
36005031900,751,0,0
36005032300,4904,100893,275700
36005032400,2957,37636,407600
36005032600,3154,73636,482700
36005032800,3979,48107,495300
36005033000,5696,51096,450500
36005033201,4115,65625,178900
36005033202,4167,26471,308100
36005033400,1351,28846,343800
36005033500,2178,122275,378800
36005033600,6188,31115,159800
36005033700,2357,118333,617600
36005033800,3818,49625,431100
36005034000,4618,42885,464600
36005034200,1675,73558,415900
36005034300,1649,77054,571800
36005034400,1736,48173,402300
36005034500,3566,84755,374500
36005034800,6129,50474,408100
36005035000,1925,68906,415900
36005035100,3186,113889,327200
36005035600,2027,81228,486300
36005035800,7166,72665,426700
36005035900,2061,23945,460900
36005036000,2706,83523,469500
36005036100,6019,18929,348500
36005036300,7509,23356,284000
36005036400,2557,70192,395300
36005036501,3965,33182,340900
36005036502,2423,31650,462100
36005036700,2599,23384,497400
36005036800,2011,66694,337600
36005036901,2005,18482,0
36005036902,2119,43917,1000001
36005037000,2303,69352,415700
36005037100,4241,24447,353800
36005037200,2222,63375,376100
36005037300,5318,27905,315400
36005037400,3441,21895,475000
36005037504,3677,24821,333300
36005037600,2148,54706,453900
36005037800,3048,42907,419200
36005037900,5093,23511,356500
36005038000,4585,39470,262500
36005038100,6382,33911,418100
36005038200,2596,47634,430100
36005038301,4797,27788,346200
36005038302,6106,22083,0
36005038500,4758,26250,518600
36005038600,7409,45716,439700
36005038700,3216,32188,380500
36005038800,2606,65345,388900
36005038900,5325,29144,444800
36005039000,2975,35833,442000
36005039100,6992,21308,455100
36005039200,1781,64526,439300
36005039300,8143,18898,615000
36005039400,4573,51172,425000
36005039500,4146,37537,361400
36005039600,3756,45750,369700
36005039700,3702,19662,0
36005039800,3090,62530,397300
36005039901,5228,18688,436500
36005039902,5279,25481,275000
36005040100,4593,33906,382100
36005040302,4386,21372,0
36005040303,4478,29980,320000
36005040304,3794,38333,330500
36005040400,3016,60486,452500
36005040501,4397,32454,419400
36005040502,6863,28175,360300
36005040600,3490,55114,426900
36005040701,3347,28438,0
36005040702,6652,41201,342300
36005040800,4263,41010,431900
36005040900,3637,54886,33000
36005041100,2931,45490,164800
36005041300,7384,44265,169300
36005041400,5027,48960,414700
36005041500,5461,39773,407600
36005041800,3598,47569,450800
36005041900,6734,36250,248100
36005042000,3850,62560,374200
36005042100,5922,46133,146700
36005042200,3086,39286,411700
36005042300,4100,42407,475000
36005042400,2481,71806,358700
36005042500,6793,31194,476900
36005042600,6387,68684,464000
36005042800,2173,81411,403200
36005042901,3420,29688,311100
36005042902,3845,34479,365600
36005043000,2898,54621,393400
36005043100,9680,37113,311300
36005043400,3592,48737,493000
36005043500,39,0,312500
36005043600,2032,57713,363400
36005044200,3555,44235,373600
36005044400,3878,73664,405100
36005044800,2026,92515,385400
36005044901,1818,88015,425000
36005044902,1949,92371,439100
36005045101,1656,57214,386500
36005045102,1894,92600,435400
36005045600,2896,75946,473000
36005045800,6123,27313,0
36005046000,2741,39129,374300
36005046201,26588,65925,70300
36005046202,8277,45682,388400
36005048400,3598,73700,408900
36005050400,39,0,0
36005051600,4362,72109,578600
36047000100,4338,127330,457000
36047000200,1470,68661,481500
36047000301,4259,227143,807100
36047000501,4247,138917,494900
36047000502,2512,129167,554700
36047000700,3359,173393,1000001
36047000900,4172,177863,626000
36047001100,84,73269,0
36047001300,2275,133426,366500
36047001500,3521,51125,569300
36047001800,2105,0,0
36047002000,1672,31791,504100
36047002100,3604,172973,910500
36047002200,4613,47361,413300
36047002300,4247,20476,108500
36047002901,3218,10558,0
36047003000,1730,72500,567800
36047003100,2472,70938,354300
36047003300,2327,113056,888900
36047003400,3047,97518,611600
36047003500,1554,64957,1000001
36047003600,3804,68854,298900
36047003700,390,37056,0
36047003800,1498,100991,651900
36047003900,2229,119625,768400
36047004100,3598,180613,1000001
36047004300,3008,166125,749000
36047004400,2359,125242,845200
36047004500,3325,151993,993200
36047004600,1199,115694,1000001
36047004700,1445,114583,702800
36047004900,2516,126146,1000001
36047005000,2276,93250,835200
36047005100,2171,80240,509400
36047005201,1829,74643,701300
36047005202,2481,74946,361600
36047005300,1888,56273,458800
36047005400,3139,77045,504800
36047005601,2505,71316,264500
36047005602,1586,60682,309700
36047005800,3152,66136,633900
36047005900,1384,55864,496400
36047006000,2826,95972,576900
36047006200,2853,85875,706100
36047006300,1892,99479,617200
36047006400,3478,56131,811200
36047006500,5191,102500,991600
36047006600,3663,51653,575900
36047006700,3301,133333,1000001
36047006800,4870,43375,635200
36047006900,3537,113682,952400
36047007000,2344,71989,606300
36047007100,4495,38632,941200
36047007200,1946,37167,0
36047007400,5451,31225,611600
36047007500,4383,110696,1000001
36047007600,4412,42976,650000
36047007700,3901,120481,861400
36047007800,5068,39712,576300
36047008000,4169,26763,596100
36047008200,4141,44327,790100
36047008400,3299,23825,624300
36047008500,6956,18654,0
36047008600,0,0,0
36047008800,3207,34572,276300
36047009000,2994,29375,372500
36047009200,5388,39219,604200
36047009400,5805,38610,675400
36047009600,6126,50197,593300
36047009800,7024,35169,646700
36047010000,6737,36406,647800
36047010100,4093,58182,572600
36047010200,5622,38151,611300
36047010400,5908,25469,671700
36047010600,5851,27413,612000
36047010800,5280,32487,615700
36047011000,2441,43438,581800
36047011200,6436,28735,339500
36047011400,3976,45787,917300
36047011600,4816,32128,747200
36047011700,2364,63869,821400
36047011800,2253,33631,656300
36047011900,1530,58388,382600
36047012000,1268,25833,497500
36047012100,1619,73542,654100
36047012200,5339,34795,629900
36047012600,2652,27361,628300
36047012700,3507,29821,653100
36047012801,2117,62688,579300
36047012901,2159,88056,665100
36047012902,1964,120320,1000001
36047013000,4792,50313,644800
36047013100,3828,113142,932200
36047013200,2239,35174,657000
36047013300,3730,124886,1000001
36047013400,3907,72143,663300
36047013500,3596,139625,882100
36047013600,3927,67756,619100
36047013700,3057,87404,960500
36047013800,3168,62391,703800
36047013900,3481,66719,1000001
36047014000,1826,62564,742300
36047014100,3017,105230,919100
36047014200,3223,60968,683900
36047014300,3487,65469,855700
36047014500,4179,53804,676000
36047014700,2084,52222,756600
36047014800,1209,111042,722000
36047014900,4976,123295,859900
36047015000,1574,69444,632900
36047015100,3578,130777,1000001
36047015200,2309,54435,497000
36047015300,3041,140987,1000001
36047015400,0,0,0
36047015500,3272,116860,1000001
36047015700,4135,198295,1000001
36047015900,5036,147083,734000
36047016000,4217,56458,511100
36047016100,3075,118854,811800
36047016200,2082,87466,371500
36047016300,2991,91750,746700
36047016400,764,61458,0
36047016500,5141,192292,836000
36047016600,2059,90758,693600
36047016700,4638,131987,1000001
36047016800,1510,94300,592000
36047016900,4497,87955,856400
36047017000,3254,64750,709700
36047017100,3749,105608,853100
36047017200,2931,67470,663900
36047017400,1793,67986,609900
36047017500,5,0,0
36047017600,2295,55069,509700
36047017700,0,0,0
36047017800,2898,53690,631600
36047017900,3624,61304,827800
36047018000,3193,35615,640300
36047018100,3936,116322,597800
36047018200,3163,45054,633200
36047018300,2500,116016,1000001
36047018400,2002,55568,632200
36047018501,3827,21850,1000001
36047018600,2124,90946,629200
36047018700,1411,75855,1000001
36047018800,2640,76211,697700
36047019000,4782,38536,663500
36047019100,2332,51600,680600
36047019200,2772,29647,636900
36047019300,5628,59688,339700
36047019400,3305,34250,575000
36047019500,3366,53167,389800
36047019600,4353,38288,682600
36047019700,3313,101985,462100
36047019800,1702,51169,637800
36047019900,2929,90455,1000001
36047020000,2265,47582,668400
36047020100,3421,89792,994600
36047020200,1874,79470,632500
36047020300,1697,44833,661100
36047020400,1708,70081,646000
36047020500,2469,92989,474600
36047020600,2220,64583,656100
36047020700,4310,123819,668100
36047020800,3048,57697,641500
36047021000,3968,52585,711500
36047021100,1210,76571,392500
36047021200,4643,47847,714000
36047021300,4205,59565,519200
36047021400,2152,25885,632500
36047021500,5307,66818,474800
36047021600,4015,31753,725800
36047021700,3597,40022,466700
36047021800,3761,35561,780400
36047021900,3595,35133,644100
36047022000,4939,31933,715000
36047022100,3609,50417,611800
36047022200,4693,26301,733100
36047022400,5486,41000,509500
36047022600,2516,43980,529900
36047022700,3454,37941,641900
36047022800,3306,42676,608600
36047022900,3395,49394,636900
36047023000,4515,28309,646800
36047023100,3025,71500,707100
36047023200,5699,27308,711700
36047023300,5061,42756,707700
36047023400,5059,40212,933300
36047023500,3928,37195,687500
36047023600,5600,38594,1000001
36047023800,4590,42031,755500
36047024000,4693,42287,717800
36047024100,2229,71250,495600
36047024200,2984,48882,788800
36047024300,3786,34063,646800
36047024400,3238,41875,726300
36047024500,3946,51967,631000
36047024600,3256,47887,593900
36047024700,2316,41898,509500
36047024800,2698,59038,602900
36047024900,3823,44487,692300
36047025000,1722,41490,545300
36047025100,3816,34297,522300
36047025200,4786,51003,626600
36047025300,2754,57880,742100
36047025400,3500,48250,567500
36047025500,5102,22227,0
36047025600,3058,42000,618900
36047025700,2131,33018,550800
36047025800,4597,39815,723100
36047025901,2010,22313,485600
36047025902,3419,18750,0
36047026000,3649,47404,611500
36047026100,4917,31289,587200
36047026200,2374,52443,594600
36047026300,1868,35127,605200
36047026400,4592,47888,633700
36047026500,3838,31786,633600
36047026600,3733,56250,677100
36047026700,3920,65263,723200
36047026800,4188,50500,758900
36047026900,2770,39193,658700
36047027000,2449,44286,551400
36047027100,2471,43686,450000
36047027200,3480,46635,697900
36047027300,2813,56667,649100
36047027400,3028,49583,641600
36047027500,4180,72857,579700
36047027600,3694,46361,711100
36047027700,3945,39861,617400
36047027800,3220,45854,594700
36047027900,3674,55082,561700
36047028000,1761,68818,600600
36047028100,4193,35208,615500
36047028200,2943,36989,595200
36047028300,4097,20491,594800
36047028400,4003,38281,705000
36047028501,428,96484,0
36047028502,2802,24808,0
36047028600,4814,46134,694400
36047028700,2991,22299,526000
36047028800,3458,32794,655100
36047028900,3538,41314,512600
36047029000,3920,45536,757500
36047029100,3101,35976,486400
36047029200,2539,30144,633000
36047029300,3106,46676,645300
36047029400,2321,27159,654300
36047029500,3425,55417,701400
36047029600,5546,44402,508300
36047029700,3344,65179,686100
36047029800,3717,48092,688000
36047029900,2579,37026,581400
36047030000,4120,42601,608400
36047030100,2750,43469,512200
36047030200,4214,48059,629300
36047030300,4458,25000,607900
36047030400,4281,41071,616100
36047030500,5549,54028,451100
36047030600,2005,63684,659700
36047030700,4544,22057,483100
36047030800,1949,51490,382800
36047030900,1754,20750,88600
36047031100,2833,38525,483600
36047031300,4648,33077,654500
36047031400,4544,56369,417100
36047031500,5175,39786,526300
36047031701,3433,35593,727100
36047031702,3363,47417,621000
36047031900,3508,44420,588500
36047032100,5001,37067,612900
36047032300,3554,41299,653200
36047032500,6405,49469,516900
36047032600,6948,32721,365300
36047032700,2924,53913,509100
36047032800,3138,35734,330400
36047032900,5582,37556,510600
36047033000,4587,29500,400000
36047033100,4520,45423,735800
36047033300,4085,44076,626700
36047033500,3139,60539,769700
36047033600,4759,69605,623700
36047033700,4105,50766,629900
36047033900,4376,59444,612000
36047034000,2248,26960,0
36047034100,2607,56096,528500
36047034200,6502,31783,411800
36047034300,5281,30432,604900
36047034500,2647,57250,469800
36047034700,3228,34608,350000
36047034800,2537,38209,407400
36047034900,5403,40536,564400
36047035000,3296,51458,187500
36047035100,4597,50333,490200
36047035200,1246,13873,0
36047035300,5161,32783,657000
36047035400,6271,59926,310900
36047035500,5253,35354,471400
36047035601,2912,53511,239300
36047035602,5271,52421,304700
36047035700,2506,35214,296300
36047035900,5685,30167,0
36047036001,3217,40446,321800
36047036002,3930,23017,312500
36047036100,2608,26597,398100
36047036200,4204,28011,634500
36047036300,4108,37149,516000
36047036400,2405,39450,589100
36047036501,2624,46391,438700
36047036502,1255,65388,288800
36047036600,4767,48846,559800
36047036700,1305,43542,417200
36047036900,4923,30335,468400
36047037000,4085,86203,462600
36047037100,4120,44261,535800
36047037300,3784,27429,585300
36047037401,4301,52090,551900
36047037402,4573,50496,608600
36047037500,2910,41546,475600
36047037700,3660,45744,612600
36047037900,3706,44500,470300
36047038100,4763,36545,538600
36047038200,5943,27753,596000
36047038300,3931,62750,588800
36047038500,3422,43750,606200
36047038600,3477,49732,618900
36047038700,4010,34948,532100
36047038800,3841,46739,597800
36047038900,2773,25135,574000
36047039000,2282,63583,612500
36047039100,2303,39472,398400
36047039200,2756,41868,692300
36047039300,3549,52278,428900
36047039400,2441,51863,867100
36047039500,3380,33222,719900
36047039600,2126,59000,639000
36047039700,3389,44167,581200
36047039800,2644,34511,561800
36047039900,3823,39145,433500
36047040000,3069,41067,652600
36047040100,3518,24375,469100
36047040200,2740,60848,644600
36047040300,3538,32460,459400
36047040400,2551,78696,752400
36047040500,1480,76023,435500
36047040600,3184,54825,627700
36047040700,14,0,0
36047040800,3566,46714,566200
36047040900,3752,31956,489700
36047041000,1773,60938,579700
36047041100,3302,35547,551900
36047041200,2929,42050,588500
36047041300,3822,47369,614800
36047041401,1351,45766,530300
36047041402,1612,81528,1000001
36047041500,4064,40625,479500
36047041600,2324,49609,784700
36047041700,3609,38797,607900
36047041800,2359,31361,456300
36047041900,3770,34913,525600
36047042000,1896,48375,753800
36047042100,3920,45327,516000
36047042200,3568,52989,773200
36047042300,4217,37418,617300
36047042400,3666,46344,655800
36047042500,3042,42868,409100
36047042600,4135,46250,561900
36047042700,5074,37158,451600
36047042800,3857,54365,579100
36047042900,5630,24803,184700
36047043000,3333,51618,786100
36047043100,5113,28644,533700
36047043200,4250,38523,472500
36047043300,4064,38053,544000
36047043400,3433,45431,588200
36047043500,4463,33405,547100
36047043600,4160,36394,658500
36047043700,5240,27732,560600
36047043800,2481,53750,635000
36047043900,3829,42021,578500
36047044000,2880,75076,717200
36047044100,5643,33532,481300
36047044200,2658,60675,653300
36047044300,5557,41000,507700
36047044400,3336,60127,576800
36047044500,4446,39661,426200
36047044600,1909,47083,490800
36047044700,2310,41875,281800
36047044800,1915,52031,476800
36047044900,2932,24102,555300
36047045000,673,38714,632100
36047045200,2701,67315,752000
36047045300,2017,37500,710900
36047045400,1852,69000,576300
36047045600,2357,27689,805900
36047045800,1490,112500,559300
36047046000,3729,54583,548500
36047046201,2632,28844,380300
36047046202,1803,48523,652300
36047046400,2838,53846,623800
36047046800,2054,51563,656900
36047047000,2886,50465,676500
36047047200,3141,61750,875700
36047047400,2969,65125,761300
36047047600,3646,31760,690000
36047047700,3318,82250,598400
36047047800,4848,29560,703100
36047048000,3769,53725,639800
36047048100,2778,80949,551500
36047048200,5331,31920,317300
36047048400,5481,43910,670400
36047048500,2510,53578,520100
36047048600,3568,27523,603300
36047048800,4395,40556,305000
36047048900,4039,22784,0
36047049000,5899,44417,509800
36047049100,6418,41125,188400
36047049200,3495,52105,467500
36047049300,7625,27539,532100
36047049400,5308,58590,492900
36047049500,2603,81012,558300
36047049600,4513,57601,598100
36047049700,2645,74167,715500
36047049800,4232,52205,649000
36047049900,1753,81250,865300
36047050000,3474,66627,407800
36047050100,2786,60156,787000
36047050202,2201,110083,635900
36047050300,2582,44866,929200
36047050400,4527,81404,428600
36047050500,4163,22932,485000
36047050600,6016,32687,711100
36047050700,2288,20455,519200
36047050801,4080,34667,0
36047050803,2464,49211,588600
36047050804,6250,50679,313200
36047050900,3694,20781,515300
36047051001,3926,53897,0
36047051002,4725,44000,829500
36047051100,3933,29647,518400
36047051200,6398,41492,179700
36047051300,4332,41250,552300
36047051400,7366,39801,266200
36047051500,1372,61912,587800
36047051601,5732,35327,500000
36047051602,4028,50547,443800
36047051700,1735,99583,797200
36047051800,3415,57014,341700
36047051900,3564,68854,900400
36047052000,4228,48194,740900
36047052300,5469,30545,629700
36047052500,3499,17141,247700
36047052600,4357,60521,590600
36047052700,6629,34779,396100
36047052800,1818,95815,872300
36047052900,3979,30260,845100
36047053000,3465,56815,628300
36047053100,7027,24018,469500
36047053200,2579,76853,433300
36047053300,6566,21447,542800
36047053400,4383,55862,629100
36047053500,4348,23333,450000
36047053700,3575,30938,608200
36047053800,4473,41063,502400
36047053900,2756,31957,614600
36047054200,4450,47188,712100
36047054300,327,0,0
36047054400,3406,65771,512500
36047054500,8008,26643,623700
36047054600,4346,39389,601600
36047054700,5245,21735,572900
36047054800,1989,68036,808800
36047054900,3122,32730,565200
36047055000,3551,42563,692200
36047055100,4597,37152,692700
36047055200,3498,51920,528800
36047055300,2596,51625,638500
36047055400,4216,34957,658200
36047055500,1959,59306,724000
36047055600,3712,64813,625700
36047055700,1655,49402,295000
36047055800,2390,41100,630100
36047056000,3493,58007,613900
36047056100,3295,85938,689400
36047056200,1654,71406,646000
36047056300,4360,54655,722200
36047056400,2451,83047,518400
36047056500,3255,57266,855200
36047056600,2419,77452,585900
36047056800,1314,75357,484100
36047056900,1630,67794,833300
36047057000,3384,64861,198700
36047057100,4400,61466,641100
36047057200,5443,20360,0
36047057300,2608,64833,725500
36047057400,2657,80590,597800
36047057500,4249,52236,701900
36047057600,2918,56071,584100
36047057800,3176,71818,631900
36047057900,1117,41053,496200
36047058000,3365,50792,637900
36047058200,2967,45236,669300
36047058400,3620,58727,347300
36047058600,2519,47045,520800
36047058800,3245,55260,282400
36047058900,1904,78882,688400
36047059000,1899,62308,554200
36047059100,3920,54722,699900
36047059200,3870,76285,542900
36047059300,2228,48830,558200
36047059401,7628,66613,616900
36047059402,4551,76765,494500
36047059600,2306,52344,439100
36047059800,3427,62027,540500
36047060000,6067,76593,549300
36047060600,2555,50729,284400
36047060800,3574,71048,507700
36047061002,4508,73527,542500
36047061003,1984,54583,476400
36047061004,6447,35938,363400
36047061200,1076,76250,855000
36047061600,1656,79333,945300
36047062000,1850,100789,1000001
36047062200,3252,60820,446600
36047062600,2788,73125,382200
36047062800,5226,83833,452100
36047063200,1447,83611,363100
36047063600,1236,109327,507600
36047063800,1524,97622,524500
36047064000,1599,99524,527800
36047064200,2518,100188,762300
36047064400,2528,96818,594100
36047064600,2189,81042,545200
36047064800,1945,64526,487700
36047065000,1389,62796,430500
36047065200,1232,127202,596400
36047065400,1607,110769,576500
36047065600,1708,103102,451600
36047065800,1762,97000,546900
36047066000,1773,75810,477500
36047066200,1411,84656,482400
36047066600,0,0,0
36047067000,2680,66976,559200
36047067200,1422,102986,509300
36047067400,1964,104250,451400
36047067600,1657,104583,467100
36047067800,2660,71131,552300
36047068000,1809,61607,393400
36047068200,2432,95433,454800
36047068600,1533,86759,237000
36047068800,1614,85278,456100
36047069000,1791,92889,424300
36047069200,2392,77375,481600
36047069601,3780,72799,496700
36047069602,5995,91045,575500
36047069800,1277,92933,496800
36047070000,1703,100495,512800
36047070201,6573,86994,760900
36047070202,37,2499,0
36047070203,0,0,0
36047070600,2700,95284,651300
36047072000,2167,66875,622100
36047072200,2655,82209,459100
36047072400,1755,83063,445800
36047072600,2093,64397,413500
36047072800,3193,69193,288900
36047073000,1979,93922,457300
36047073200,2096,66837,437500
36047073400,1889,67788,439200
36047073600,3368,46866,437300
36047073800,3225,68828,590100
36047074000,3531,61838,539700
36047074200,3292,70516,490000
36047074400,2492,104181,598200
36047074600,2003,83885,579500
36047074800,2012,140938,641500
36047075000,3029,41354,709100
36047075200,1130,77978,758900
36047075400,1488,130192,860900
36047075600,1993,107679,585300
36047075800,1816,94118,762100
36047076000,2776,81452,665400
36047076200,4235,42250,620000
36047076400,3487,65301,752300
36047076600,2061,56310,604200
36047076800,3407,59236,506000
36047077000,2722,49651,338200
36047077200,3394,57596,877400
36047077400,2881,55923,782100
36047077600,3806,66058,277300
36047078000,2092,79306,425700
36047078200,3864,46431,434000
36047078400,2348,70833,464300
36047078600,4256,40031,199300
36047078800,3422,47188,427800
36047079000,5094,44671,536400
36047079200,4372,50170,478300
36047079400,1864,51641,341300
36047079601,4413,41723,326500
36047079602,4814,47670,299600
36047079801,3037,49185,840000
36047079802,5451,39577,634600
36047080000,3487,61620,855200
36047080200,4304,42132,581800
36047080400,3250,48214,585000
36047080600,3386,42365,469200
36047080800,1197,13750,0
36047081000,2300,37708,545600
36047081400,2635,72720,431400
36047081600,2791,42434,449000
36047081800,4551,53452,365300
36047082000,5281,50750,500000
36047082200,7280,38397,519200
36047082400,4730,35057,458100
36047082600,5513,42996,394700
36047082800,3814,34205,424100
36047083000,5997,37685,467300
36047083200,2289,86731,398900
36047083400,1701,83654,455400
36047083600,1929,62319,459200
36047083800,2189,73438,435400
36047084000,2412,68563,399200
36047084600,1963,92882,401900
36047084800,1750,72500,449800
36047085000,1374,90301,388200
36047085200,29,0,0
36047085400,2052,80446,439500
36047085600,3608,49670,374400
36047085800,2434,53725,455500
36047086000,3426,46736,354700
36047086200,2996,51856,371400
36047086400,2231,88698,484500
36047086600,3149,43464,470600
36047086800,3156,48750,378400
36047087000,3204,45868,419400
36047087200,2868,54779,427100
36047087401,3142,60893,571000
36047087600,1742,58232,408200
36047087800,3006,34303,434200
36047088000,2863,46944,372400
36047088200,6740,34955,452900
36047088400,5236,45656,562800
36047088600,4427,39848,508700
36047088800,3923,43031,455600
36047089000,6319,30585,593800
36047089200,3651,30964,586900
36047089400,3430,51771,374600
36047089600,3546,46300,469000
36047089800,2089,36250,430500
36047090000,5508,24716,402400
36047090200,3451,26728,346400
36047090600,4581,17160,516700
36047090800,3990,19182,575000
36047091000,5610,11994,0
36047091200,6814,18874,0
36047091600,4325,29301,458400
36047091800,2804,56286,327000
36047092000,3154,30189,311300
36047092200,2691,53429,362200
36047092400,2656,45903,363800
36047092800,2656,67188,496200
36047093000,2547,73906,444600
36047093200,1142,64135,445100
36047093400,2401,79667,434000
36047093600,1628,75688,449400
36047093800,2374,45875,436000
36047094401,3202,60099,455200
36047094402,2886,17095,0
36047094600,1830,64410,450300
36047095000,2906,67151,565200
36047095400,4607,59583,578500
36047095600,4042,70492,568300
36047095800,3456,87837,436900
36047096000,0,0,0
36047096200,1717,64509,520400
36047096400,2361,58947,443300
36047096600,2164,76771,523300
36047096800,1471,86118,436900
36047097000,2105,65324,485600
36047097400,2724,59079,539600
36047098200,4305,24741,0
36047098400,1978,64649,559400
36047098600,2862,75341,532800
36047098800,3054,73750,436100
36047099000,1422,71316,455300
36047099200,1833,71382,453000
36047099400,1978,77139,453400
36047099600,3631,70355,502100
36047099800,3784,70855,556600
36047100400,2567,65393,480700
36047100600,2489,94432,470600
36047100800,2124,57375,505200
36047101000,2318,61250,517100
36047101200,1932,55543,436900
36047101400,2160,64038,414700
36047101600,1464,80216,578500
36047101800,1851,107644,409000
36047102000,1922,98403,494100
36047102200,2075,54650,400000
36047102400,2123,58546,579700
36047102600,2771,72952,600200
36047102800,1579,88365,589700
36047103400,3918,31007,0
36047105801,6928,38214,714300
36047105804,6426,34158,350000
36047107000,322,56638,582400
36047107800,3849,62689,369000
36047109800,1917,70882,490600
36047110400,4358,37219,433100
36047110600,4311,29198,0
36047111000,3216,23807,450000
36047111600,3484,45865,395600
36047111800,3053,29679,486300
36047112000,3155,52500,454800
36047112200,3371,49519,384300
36047112400,3416,57381,448000
36047112600,3783,42179,470000
36047112800,3822,41157,460400
36047113000,3891,27311,399500
36047113200,1937,44393,357500
36047113400,2838,19150,337500
36047114201,1578,43352,575400
36047114202,2766,38935,474700
36047114400,2403,28269,475000
36047114600,2998,39808,559300
36047115000,2595,36083,350000
36047115200,3094,23669,409300
36047115600,4315,20200,381000
36047115800,2983,52351,400000
36047116000,2543,28929,327200
36047116200,2157,42415,384100
36047116400,2921,48235,429700
36047116600,2907,40670,433600
36047116800,2057,53884,479500
36047117000,1880,33293,378400
36047117201,2713,50430,522200
36047117202,3907,45824,478200
36047117400,4329,50268,478000
36047117601,2750,41724,381100
36047117602,3313,30610,534300
36047117800,1717,48125,442300
36047118000,6,0,0
36047118201,3002,65224,445000
36047118202,3083,34722,520300
36047118400,5420,42340,546400
36047118600,2969,48633,458100
36047118800,4651,24138,524800
36047119000,2127,38333,406500
36047119200,3013,38566,455700
36047119400,3914,38539,422200
36047119600,5403,33839,437600
36047119800,3426,36278,572900
36047120000,2148,32396,465500
36047120200,1900,64009,477000
36047120800,8938,31668,437000
36047121000,4035,23462,0
36047121400,4351,20076,0
36047122000,5495,43182,551100
36047123700,6008,25879,566500
36047150200,2540,96875,753600
36047152200,3317,107917,812100
36047990100,0,0,0
36061000100,2,0,0
36061000201,3058,20764,0
36061000202,7316,46488,452600
36061000500,0,0,0
36061000600,11367,22982,9999
36061000700,8109,175208,874000
36061000800,10290,31561,638000
36061000900,731,250001,931800
36061001001,1434,113015,541900
36061001002,6547,25326,0
36061001200,3397,55759,559400
36061001300,4479,200735,710400
36061001401,3005,150913,635100
36061001402,2782,35278,555100
36061001501,5518,78147,483300
36061001502,7476,175583,1000001
36061001600,8478,27169,664400
36061001800,8660,38788,1000001
36061002000,4917,19852,0
36061002100,6040,250001,1000001
36061002201,6398,41250,475400
36061002202,2189,128654,968800
36061002400,5434,21710,0
36061002500,4869,19867,0
36061002601,3772,33672,724500
36061002602,4227,56632,655900
36061002700,1264,79271,496800
36061002800,7114,34921,505400
36061002900,6398,33659,501800
36061003001,4492,49200,757200
36061003002,3106,60625,628400
36061003100,2550,96348,944400
36061003200,8234,65893,604900
36061003300,5156,250001,1000001
36061003400,6612,74712,709000
36061003601,3393,23600,412500
36061003602,3151,69938,1000001
36061003700,2447,172778,904400
36061003800,9237,87526,624200
36061003900,5860,115521,1000001
36061004000,8651,107500,778500
36061004100,7817,37222,1000001
36061004200,5145,182344,1000001
36061004300,4270,44188,1000001
36061004400,16538,101203,1000001
36061004500,1136,116417,1000001
36061004700,2524,157660,1000001
36061004800,7229,120000,613400
36061004900,4942,250001,1000001
36061005000,5055,181563,656000
36061005200,3408,195000,1000001
36061005400,4536,192981,783200
36061005501,4204,143403,783300
36061005502,2257,126477,1000001
36061005600,3322,193641,1000001
36061005700,2781,119180,1000001
36061005800,3512,250001,1000001
36061005900,5401,190125,857400
36061006000,4511,151267,0
36061006100,5224,221213,870700
36061006200,4437,128750,0
36061006300,6380,250001,1000001
36061006400,8090,119032,642700
36061006500,6202,128077,1000001
36061006600,11740,76930,613500
36061006700,5461,159079,937500
36061006800,7614,110109,694300
36061006900,2759,163000,1000001
36061007000,8871,181316,942900
36061007100,5429,225444,806500
36061007200,8664,141538,670800
36061007300,6215,124669,883700
36061007400,4319,162578,774100
36061007500,4159,183092,953600
36061007600,2277,72951,1000001
36061007700,5966,150479,1000001
36061007800,8391,193839,578200
36061007900,4442,158256,1000001
36061008000,5377,167422,633700
36061008100,8047,141583,888800
36061008200,3262,131518,816100
36061008300,4092,28056,572200
36061008400,1595,156719,614000
36061008601,2618,136205,752900
36061008602,0,0,0
36061008603,4799,240441,1000001
36061008700,6338,173250,720300
36061008800,7026,144116,619700
36061008900,5708,78333,901800
36061009000,7883,194063,733500
36061009100,6304,216923,1000001
36061009200,1806,153304,650600
36061009300,8780,87222,664500
36061009400,73,0,0
36061009500,3040,151875,1000001
36061009600,155,0,0
36061009700,5224,46136,37100
36061009800,7316,197896,774400
36061009900,1945,250001,784700
36061010000,1992,160234,693500
36061010100,1116,76500,0
36061010200,230,42171,58700
36061010300,2058,96250,687500
36061010400,966,94432,740400
36061010601,7351,169081,1000001
36061010602,4875,205795,726600
36061010800,9039,205881,665800
36061010900,183,250001,1000001
36061011000,7169,181771,1000001
36061011100,3512,109219,700800
36061011201,992,165500,930600
36061011202,441,250001,826400
36061011203,1401,130875,869300
36061011300,117,0,0
36061011401,1412,220991,1000001
36061011402,2397,206250,1000001
36061011500,2303,81667,884600
36061011600,3543,140500,631900
36061011700,3364,63824,0
36061011800,8767,208782,888000
36061011900,1120,31579,0
36061012000,3971,223542,1000001
36061012100,8554,72021,634200
36061012200,3633,226923,1000001
36061012400,10218,138879,1000001
36061012500,2719,191154,0
36061012600,12774,178397,794200
36061012700,6928,51364,634000
36061012800,6270,243500,1000001
36061012900,6038,95132,807900
36061013000,4195,250001,1000001
36061013100,2816,208750,722600
36061013200,10590,146742,675700
36061013300,6208,87679,775900
36061013400,11174,163688,680600
36061013500,6596,38527,0
36061013600,15344,179038,912400
36061013700,6471,177576,879400
36061013800,12444,143714,729300
36061013900,9257,143348,746100
36061014000,7813,238699,1000001
36061014200,4462,250001,1000001
36061014300,25,0,1000001
36061014401,4864,200893,668400
36061014402,6743,206402,1000001
36061014500,5542,207045,932100
36061014601,4274,166429,713200
36061014602,7904,205250,691700
36061014700,2755,172917,1000001
36061014801,2863,219028,1000001
36061014802,7066,182303,1000001
36061014900,5842,249167,1000001
36061015001,2294,250001,1000001
36061015002,5437,234938,1000001
36061015100,8306,55272,483800
36061015200,7275,84356,902300
36061015300,9320,250001,1000001
36061015400,13749,120491,593400
36061015500,9350,203192,662600
36061015601,5345,103177,606300
36061015602,2298,30417,1000001
36061015700,10751,206324,946100
36061015801,5650,250001,991400
36061015802,3346,96250,225000
36061015900,9623,209405,893200
36061016001,3744,250001,1000001
36061016002,3131,166500,1000001
36061016100,6437,202868,1000001
36061016200,9308,34737,751500
36061016300,6624,204375,926300
36061016400,6127,32191,0
36061016500,6402,217727,1000001
36061016600,7317,31895,903800
36061016700,6564,198750,1000001
36061016800,5675,24500,1000001
36061016900,8108,168201,945000
36061017000,7855,47965,455300
36061017100,8989,178065,1000001
36061017200,5504,33850,1000001
36061017300,8939,202926,1000001
36061017401,5248,28872,583300
36061017402,2093,26875,0
36061017500,10820,195587,1000001
36061017700,9151,82949,907300
36061017800,3912,34517,543900
36061017900,9293,151000,1000001
36061018000,7476,22189,758300
36061018100,8866,112617,720500
36061018200,6768,25035,0
36061018300,8667,120714,958900
36061018400,7835,30952,372400
36061018500,4190,164833,824600
36061018600,5701,19192,0
36061018700,8974,132868,1000001
36061018800,6008,36559,484400
36061018900,11547,39490,777300
36061019000,3083,75284,602400
36061019100,8807,119022,775100
36061019200,3584,19983,1000001
36061019300,9009,47357,523900
36061019400,6558,17057,791700
36061019500,8197,114638,906400
36061019600,3931,33220,1000001
36061019701,641,104444,0
36061019702,2090,55195,465700
36061019800,1914,79013,382600
36061019900,10064,111968,786400
36061020000,2581,53485,1000001
36061020101,1731,120972,383300
36061020102,3865,47626,466300
36061020300,3633,42115,1000001
36061020500,5322,157250,706800
36061020600,2942,38000,513400
36061020701,3329,65338,897700
36061020800,4591,44911,904800
36061020901,3673,26504,116900
36061021000,6637,42196,229200
36061021100,10330,62046,473400
36061021200,4412,70643,622600
36061021303,5619,52135,193800
36061021400,3001,47321,0
36061021500,3068,34076,272700
36061021600,7556,44559,662900
36061021703,6,0,0
36061021800,6617,44056,669200
36061021900,6023,20793,114800
36061022000,5370,46106,719300
36061022102,2175,67829,595000
36061022200,2644,35353,847200
36061022301,7917,29343,357600
36061022302,3385,19972,0
36061022400,6427,23885,350000
36061022500,10149,34835,133900
36061022600,3778,40774,1000001
36061022700,4864,49231,1000001
36061022800,5248,42385,707900
36061022900,8300,36446,169100
36061023000,8106,31947,1000001
36061023100,5865,39961,740400
36061023200,7980,28103,240500
36061023300,6527,30772,1000001
36061023400,4465,39493,415000
36061023501,6004,39153,242300
36061023502,1819,37962,0
36061023600,6404,42717,282300
36061023700,6811,34649,119100
36061023801,9723,80909,222900
36061023802,1938,166042,0
36061023900,2371,35606,196400
36061024000,1648,0,0
36061024100,7642,54597,399400
36061024200,3396,34559,0
36061024301,3946,36122,1000001
36061024302,7370,22695,1000001
36061024500,14934,33574,254500
36061024700,7074,35227,481900
36061024900,1101,48264,56200
36061025100,2526,32538,0
36061025300,11236,38219,78200
36061025500,5771,46202,611700
36061025700,3876,55625,722300
36061025900,3496,46295,581300
36061026100,12087,37711,121300
36061026300,8729,25049,170100
36061026500,7021,48466,387000
36061026700,2173,39000,0
36061026900,8428,30042,330000
36061027100,8196,41935,536000
36061027300,6370,115875,441100
36061027500,2846,106500,578000
36061027700,7086,31597,0
36061027900,10292,36948,386800
36061028100,2867,115923,398200
36061028300,7627,43902,233700
36061028500,7216,27181,0
36061028700,4035,35433,443800
36061029100,11288,31781,181600
36061029300,9033,36076,0
36061029500,6941,49899,357800
36061029700,161,0,0
36061029900,3834,28227,137500
36061030300,3753,39375,368600
36061030700,3434,82391,342800
36061030900,8463,35000,359700
36061031100,2,0,0
36061031703,7709,202743,1000001
36061031704,5677,169167,784500
36061031900,11,0,0
36081000100,4949,146250,450500
36081000200,2829,51836,478400
36081000400,4413,66889,442000
36081000600,3729,43854,455600
36081000700,4790,66848,738100
36081000800,3360,69940,449200
36081001000,3502,59531,491100
36081001200,3871,62115,513700
36081001400,3683,62950,519800
36081001600,2831,46531,447100
36081001800,2931,68171,433000
36081001900,1076,73214,534300
36081002000,1797,55404,425600
36081002200,2077,61406,613300
36081002400,2145,77642,433600
36081002500,7571,26281,261400
36081002600,2055,90656,590500
36081002800,3033,60567,486300
36081003000,1399,100500,439300
36081003100,1388,33542,653800
36081003200,1504,61417,479600
36081003300,2474,54969,467500
36081003400,2201,59931,447700
36081003600,3295,58125,547000
36081003700,0,2499,0
36081003800,2287,64732,509100
36081003900,1592,24594,540100
36081004001,2134,49020,442600
36081004002,1270,60078,520100
36081004200,4120,52681,472000
36081004300,2437,16759,118300
36081004401,3500,52750,567300
36081004500,2975,79005,227000
36081004700,3984,41800,644700
36081005000,29,0,0
36081005100,2231,36932,554800
36081005200,2751,54972,557000
36081005300,5340,48149,513300
36081005400,5257,69736,466300
36081005500,1067,49314,944400
36081005700,4321,56696,758000
36081005800,5414,70833,463400
36081005900,4169,63086,658100
36081006100,5644,55797,594900
36081006201,5128,76362,192200
36081006202,6253,58625,461300
36081006300,5949,58176,823200
36081006501,3676,56964,668700
36081006502,3853,72000,722100
36081006900,4611,57756,597100
36081007100,3963,62625,642300
36081007300,4231,72396,380000
36081007500,4116,34264,323500
36081007700,1478,100230,678600
36081007900,3493,46250,486400
36081008100,1188,55958,576900
36081008300,2950,47639,672600
36081008500,1270,46700,558800
36081008600,2811,68583,464000
36081008700,4582,28444,379400
36081008800,3095,68056,535300
36081009100,2796,62723,645700
36081009400,2834,51182,424200
36081009500,2289,77273,670700
36081009600,3135,55606,447000
36081009700,3580,69208,664500
36081009800,2688,43750,562100
36081009900,3,0,0
36081010000,3571,72731,422900
36081010100,2552,65833,671600
36081010200,2677,57361,452600
36081010300,3934,53679,753900
36081010400,3147,64527,467100
36081010500,4244,35273,622200
36081010600,3427,60469,496700
36081010701,0,0,0
36081010800,2980,59886,474800
36081011000,3075,46781,459300
36081011100,3050,80000,609400
36081011200,2358,54313,590700
36081011300,4234,54189,574700
36081011400,1330,40938,458500
36081011500,2325,54243,590600
36081011600,2178,39318,474700
36081011700,3848,62679,649300
36081011800,2628,51591,487800
36081011900,1701,41414,580100
36081012000,2487,65677,562500
36081012100,2064,54443,727300
36081012200,2971,45625,519100
36081012301,2910,72000,587800
36081012400,2914,45128,593000
36081012500,1662,54844,667700
36081012601,2413,64514,391100
36081012602,2578,57634,522300
36081012800,2030,60650,548600
36081013000,1745,92426,586500
36081013200,1772,63885,625800
36081013400,5474,61899,248700
36081013500,1411,63000,651900
36081013600,1972,51528,236600
36081013700,1579,86667,748800
36081013800,3604,65469,320000
36081014000,3705,68657,515400
36081014100,1621,53309,747500
36081014201,4348,44702,496600
36081014202,2838,53816,516300
36081014300,4065,55426,803200
36081014400,2109,56136,663300
36081014500,2246,55729,599200
36081014700,3054,56167,786400
36081014800,2265,56941,592900
36081014900,2674,58333,531300
36081015000,2458,68173,466700
36081015100,2794,66757,634500
36081015200,2721,53382,448900
36081015300,2145,71313,662000
36081015400,2333,72788,484100
36081015500,2251,76071,777800
36081015600,3218,72153,491900
36081015700,1543,40281,0
36081015801,3737,46762,393000
36081015802,4398,46437,490200
36081015900,4136,41500,632100
36081016100,2377,48830,689900
36081016300,4382,36791,686100
36081016400,3313,55956,445400
36081016600,3278,49933,496600
36081016800,2684,53661,466100
36081016900,5539,66458,574200
36081017000,2600,63523,515600
36081017100,8,0,0
36081017200,2101,68036,404900
36081017400,2244,81012,425600
36081017600,2143,61121,424200
36081017800,1925,51202,424200
36081017900,1054,35281,468000
36081018000,1090,50250,463600
36081018101,4090,32966,395500
36081018102,3928,61484,301500
36081018200,2267,47218,375000
36081018300,6031,62095,486500
36081018401,2054,39615,438300
36081018402,2223,77885,378400
36081018501,3611,56536,208300
36081018502,3633,61250,288100
36081018600,1623,53393,362600
36081018700,3088,70240,653600
36081018800,1236,87446,448500
36081018900,3492,52269,614600
36081019000,1969,70069,346100
36081019200,1914,72875,357200
36081019400,2628,68295,430100
36081019600,2643,55522,437700
36081019800,2930,39375,472500
36081019900,1028,51379,363600
36081020200,1387,53631,362800
36081020400,2098,45405,477800
36081020500,1202,81910,460800
36081020600,1712,53125,566700
36081020800,2539,54112,479600
36081021200,2754,47118,481900
36081021400,6194,52750,444400
36081021600,4016,77300,239500
36081021900,7,0,0
36081022001,6074,55262,227800
36081022002,5569,69667,216000
36081022900,27,0,0
36081023000,1795,66932,609000
36081023200,5090,73545,546000
36081023500,8278,44137,644000
36081023600,2638,41042,605100
36081023800,5101,41442,594200
36081024000,5464,42330,378100
36081024300,5440,57206,604400
36081024500,4942,34734,34100
36081024600,0,0,0
36081024700,1509,75385,588400
36081024900,5546,63952,377800
36081025100,5720,55121,241300
36081025301,4591,64107,425800
36081025302,2876,50667,288800
36081025400,8207,32112,395800
36081025500,1507,71167,248900
36081025700,1542,71199,436000
36081025800,1978,61250,318600
36081025900,3516,47355,275600
36081026000,2339,41406,364500
36081026100,7414,45990,565700
36081026200,1465,42283,383300
36081026300,6220,49623,409200
36081026400,2257,50645,379800
36081026500,4494,50081,398900
36081026600,1755,58558,463500
36081026700,6002,53438,383800
36081026901,5304,42110,476400
36081026902,4444,46054,360500
36081027000,1647,69063,357600
36081027100,8726,36588,155900
36081027200,1846,45260,341500
36081027300,8631,46267,223200
36081027400,1735,66724,409900
36081027500,6887,48831,201100
36081027600,1165,60536,502600
36081027700,8757,44750,207100
36081027800,2256,39750,386500
36081027900,6317,52756,231100
36081028000,1551,73214,373700
36081028100,5722,61857,268200
36081028200,1545,75798,327600
36081028300,7415,35593,229700
36081028400,3438,68682,373400
36081028500,4729,76890,350000
36081028700,6232,45972,284700
36081028800,4230,72679,423800
36081028900,5176,57161,461300
36081029100,7039,50905,330400
36081029300,1351,66146,557700
36081029400,6664,68147,445200
36081029500,3670,67713,195700
36081029700,2162,63676,574100
36081029900,0,0,0
36081030600,4213,64491,419100
36081030902,7992,50391,598400
36081030903,6743,62500,627700
36081030904,3712,55292,611800
36081031700,6151,59323,365000
36081032000,4645,81406,403700
36081032700,4255,53966,767900
36081032800,2409,76346,433200
36081032900,4018,62483,540600
36081033000,6170,72083,424700
36081033100,0,0,0
36081033401,3128,69716,424000
36081033402,12575,53288,147900
36081033700,3619,38068,616500
36081033900,3400,61422,224300
36081034700,3268,60826,551300
36081035100,4240,61033,234900
36081035200,2414,67313,394900
36081035300,2690,58254,524300
36081035700,4947,56023,542500
36081035800,3927,72449,447400
36081036100,2426,37049,432800
36081036300,2397,50658,395100
36081036500,3885,60114,686100
36081036600,2592,65747,372800
36081036700,2676,59199,510600
36081036800,2362,63854,379300
36081037100,1597,58750,550200
36081037300,2532,70179,549600
36081037500,3783,45259,627500
36081037600,5598,74906,415500
36081037700,4227,34213,614800
36081037900,6214,39674,600200
36081038100,6808,38714,324700
36081038301,0,0,0
36081038302,56,97500,0
36081038400,2333,73841,433800
36081039400,2814,67192,409200
36081039800,1657,82396,443300
36081039900,4132,50761,590800
36081040000,1267,58594,462900
36081040100,7527,42637,654400
36081040200,1368,94583,447400
36081040300,6777,45444,647200
36081040400,3918,63241,388100
36081040500,3303,46905,787700
36081040700,8304,39271,563000
36081040900,5094,29412,572400
36081041100,3947,34496,567600
36081041300,4464,46559,572100
36081041400,4033,43622,401100
36081041500,4278,37117,615700
36081042400,2161,90769,533000
36081042600,512,0,0
36081042700,4604,50139,526200
36081043200,1166,76791,470100
36081043400,1956,55257,381200
36081043701,3381,41334,442400
36081043702,6476,46538,280200
36081043900,4790,43789,574700
36081044000,3669,53424,354200
36081044301,4033,41588,638000
36081044302,5223,40000,478800
36081044400,3236,36587,426700
36081044601,3367,60060,131000
36081044602,4596,41311,365000
36081044800,2571,61250,611200
36081045000,1943,55625,596600
36081045200,1153,66250,734000
36081045400,4773,55134,504500
36081045500,12330,52891,0
36081045600,1338,80250,616200
36081045700,3355,50469,624500
36081045800,2016,73594,879900
36081045900,3975,55821,655100
36081046000,6006,35108,297600
36081046100,3089,44712,764100
36081046200,7296,42576,427500
36081046300,4284,40833,453700
36081046400,1643,69485,466700
36081046500,4247,54795,802600
36081046600,3058,86182,179400
36081046700,7112,40884,502300
36081046800,3829,52712,444300
36081046900,8570,36762,452600
36081047000,3247,61150,432900
36081047100,4425,28220,611100
36081047200,3760,69615,744100
36081047300,3997,57041,294800
36081047500,4835,45227,436400
36081047600,1326,131074,661600
36081047800,5294,70299,185700
36081047900,5456,64955,586300
36081048000,2506,67692,517000
36081048100,6781,42083,392000
36081048200,1452,92981,604500
36081048300,4047,47203,671500
36081048400,4979,69471,445800
36081048500,4598,44722,417800
36081048900,1486,41010,486000
36081049200,4750,53447,463600
36081049301,2134,80281,519200
36081049302,2811,58000,482900
36081049500,1358,76250,662600
36081049600,3030,80947,414900
36081049700,3021,61131,613900
36081049900,5071,49006,639200
36081050000,4323,54620,467600
36081050201,1410,93839,450000
36081050202,1344,77321,478100
36081050400,1831,90217,461000
36081050500,1657,96905,626200
36081050600,1553,63981,444400
36081050700,3442,80250,581500
36081050800,1837,57125,478200
36081051000,1540,77163,387900
36081051100,2097,56726,566200
36081051200,2619,85823,445700
36081051300,2367,61250,581900
36081051500,2852,62321,369600
36081051600,1866,86159,423700
36081051700,1957,62433,560800
36081051800,1931,80074,381300
36081052000,1521,101488,419700
36081052100,1983,82270,499600
36081052200,1532,92333,440600
36081052400,1739,80278,413100
36081052500,2063,73098,607100
36081052600,1802,74075,409500
36081052800,1442,39706,445000
36081053000,2240,85272,420900
36081053100,3114,61563,594600
36081053200,1675,98056,399300
36081053401,1907,79803,408100
36081053500,1123,33333,535100
36081053601,1577,86835,405900
36081053800,1755,80605,440300
36081053900,4147,56797,527600
36081054000,4222,51094,429200
36081054200,5074,78649,446400
36081054500,3722,39224,572100
36081054700,4643,42179,475500
36081054800,2319,89250,456900
36081054900,5308,42722,572300
36081055100,4573,38259,618400
36081055200,3064,70987,445300
36081055300,2454,29080,471400
36081055400,2303,90428,409300
36081055500,2147,63458,454300
36081055600,2153,71571,446800
36081055700,3915,42254,569800
36081055800,1732,81429,453500
36081055900,1217,33125,343800
36081056000,1647,77019,486800
36081056100,73,0,0
36081056200,1517,72685,446200
36081056400,1783,69850,511300
36081056500,1567,45227,471400
36081056600,1487,88021,496500
36081056700,4574,58399,530300
36081056800,4550,63846,427500
36081057700,3625,46208,551400
36081057900,1592,31875,490200
36081058000,3641,87138,441000
36081058100,2662,51818,552300
36081058200,4490,62402,423100
36081058300,3254,69107,621300
36081058500,4062,51333,609000
36081058700,3296,47202,533700
36081058900,4196,43188,591400
36081059000,1074,73684,439800
36081059100,5826,51098,584300
36081059200,1280,86971,449100
36081059300,3881,58924,587000
36081059400,1537,100000,410400
36081059500,4700,60270,530900
36081059600,1304,88618,380700
36081059800,1643,77639,385500
36081059900,1525,83281,529200
36081060000,1056,72738,354000
36081060100,2111,57174,405600
36081060300,1706,51528,617500
36081060600,1381,80435,433100
36081060701,25,0,0
36081060800,1413,93125,461100
36081061000,1268,86481,458000
36081061200,1597,107454,438900
36081061301,5295,64196,614300
36081061302,19,0,0
36081061400,1234,109375,449100
36081061601,2180,98062,427700
36081061602,1152,87727,436000
36081061800,1583,79323,262500
36081061900,2783,78295,590100
36081062000,1440,91484,444800
36081062100,2746,61351,560500
36081062200,1983,86250,434500
36081062300,1789,67460,574200
36081062400,1,0,0
36081062500,2388,80363,584400
36081062600,2620,85156,390900
36081062700,2879,57750,475400
36081062900,2782,54788,486900
36081063000,1579,86250,372900
36081063200,2134,95958,417200
36081063301,1416,71042,498500
36081063302,1476,85769,488500
36081063500,2513,75469,575100
36081063700,3148,71920,553700
36081063800,3425,82984,425500
36081063900,2747,81111,517300
36081064101,1960,78750,202400
36081064102,113,145125,213800
36081064500,1979,88929,613900
36081064600,2829,74779,450900
36081065000,2650,113419,440600
36081065400,2788,85652,460700
36081065501,0,0,0
36081065600,4853,87098,455900
36081065702,1675,98056,585700
36081065703,2597,68175,552400
36081065900,1666,79704,493900
36081066000,3233,86990,483300
36081066100,1495,91188,563200
36081066300,2601,72375,561700
36081066400,9612,79103,454100
36081066501,3275,75120,628000
36081066701,2575,79412,591900
36081066900,1706,59722,622700
36081067100,2100,64145,545900
36081067700,1786,91379,623600
36081067900,4094,66680,574000
36081068000,4708,90192,455200
36081068200,1102,108382,433200
36081068300,4210,55538,203200
36081068700,4630,75156,476900
36081069000,3252,93419,452800
36081069300,2883,56534,307900
36081069400,3314,97955,529400
36081069500,2128,84063,636200
36081069701,3616,55982,280700
36081069702,3911,80036,650300
36081070300,2010,73318,573800
36081070700,2303,105625,595800
36081070900,2483,123375,588800
36081071100,5272,105175,275000
36081071303,4973,81446,244200
36081071304,6136,67029,243100
36081071305,4871,90208,330000
36081071306,5811,63109,278000
36081071600,0,0,0
36081071701,5161,69701,248800
36081071702,3921,71071,256300
36081071900,2630,65000,541900
36081072100,4963,69688,245400
36081072300,2127,153523,936400
36081072900,1363,103164,607300
36081073100,1515,112113,658600
36081073700,2042,101961,526100
36081073900,5028,109514,292500
36081074100,3015,71618,307200
36081074300,4221,53750,296100
36081074500,3571,47100,571200
36081074700,3386,78750,258300
36081074900,1453,111083,1000001
36081075701,4678,87957,278700
36081075702,4481,101563,355100
36081076901,4056,117421,292400
36081076902,1371,102500,361700
36081077300,2234,88333,199100
36081077500,2273,63375,825500
36081077902,5263,81042,556100
36081077903,2972,62083,232300
36081077904,6155,62500,254300
36081077905,2455,85455,245800
36081077906,3633,73125,220200
36081077907,3193,53647,555400
36081077908,3755,42471,446400
36081078800,1818,93690,337900
36081079000,2549,64405,429100
36081079200,2280,69268,415100
36081079300,1,0,0
36081079701,7055,52885,274500
36081079702,4502,34441,309100
36081079900,3425,70040,642600
36081080301,4382,49861,632500
36081080302,3504,80720,503700
36081080900,6850,78087,224800
36081081400,3543,60121,436800
36081081800,3478,67933,485700
36081083700,5388,50903,497700
36081083800,4970,65142,542500
36081084000,6478,62786,461600
36081084500,5318,47553,562500
36081084601,2730,81042,616200
36081084602,1053,62652,617100
36081084900,7642,36558,451700
36081085300,5764,29019,286600
36081085500,6649,51690,221500
36081085700,5953,36116,338800
36081085900,5873,40339,230000
36081086100,2370,58750,414600
36081086300,7277,36832,226700
36081086400,2634,62279,454400
36081086500,4514,28594,337500
36081086900,2131,64000,359900
36081087100,1752,27788,83100
36081088400,7337,82625,550300
36081088901,10266,52924,225800
36081089200,7430,99183,658600
36081090700,1355,56786,508000
36081091601,4079,96667,519600
36081091602,0,0,0
36081091800,17,0,0
36081091900,5766,69477,501500
36081092200,2206,135231,834600
36081092500,3681,54970,605400
36081092800,3246,128125,829500
36081092900,6496,81394,540100
36081093401,3789,103444,653500
36081093402,3657,112969,608400
36081093800,5218,56105,213300
36081093900,4400,88770,551200
36081094201,3380,51452,604100
36081094202,4700,36250,368800
36081094203,5369,59425,22700
36081094500,3971,97803,766800
36081094700,2577,73750,577000
36081095400,5368,55980,376700
36081096400,4441,66712,390600
36081097202,2795,16250,0
36081097203,6865,27479,441200
36081097204,3544,40861,228000
36081097300,2016,101000,740200
36081098100,2249,90625,765900
36081098700,2444,93818,670700
36081099100,6507,91864,397900
36081099200,3803,51540,426500
36081099701,2670,83514,374300
36081099703,3892,108071,483300
36081099704,6868,84643,323000
36081099705,2632,97023,603100
36081099801,7608,53801,414700
36081099802,5283,48042,425900
36081099900,0,0,0
36081100801,2327,75731,453100
36081100802,8106,56955,502200
36081101001,9943,37465,447600
36081101002,4138,69338,635400
36081101700,5689,81467,372000
36081102900,3319,81420,632700
36081103201,6456,30750,432100
36081103202,6197,62222,622100
36081103300,4116,90472,623700
36081103900,6151,84570,659700
36081104700,7314,83676,553600
36081105900,3556,76042,659100
36081107201,2443,84483,453700
36081107202,0,0,0
36081108500,2613,110238,648900
36081109300,3034,96900,767100
36081109700,1887,80464,682400
36081109900,3277,74659,503600
36081111300,2559,129087,766300
36081112300,2102,77625,690900
36081112900,2242,80924,676900
36081113300,1537,106528,561200
36081113900,3322,90000,494200
36081114100,2406,111731,658400
36081114700,1673,110050,717100
36081115100,1116,99886,696000
36081115500,2114,54044,594400
36081115700,3388,66215,509800
36081115900,3991,51800,626300
36081116100,4589,43879,217400
36081116300,9104,39401,511600
36081116700,2067,57039,628400
36081117100,2743,69375,790400
36081117500,4990,72708,579600
36081118100,1840,80341,574100
36081118500,2114,60333,617500
36081118700,2521,64297,711600
36081118900,2468,66531,732700
36081119100,3273,60472,648500
36081119300,2252,86061,661100
36081119500,1349,86536,619900
36081119900,1507,48867,639900
36081120100,1668,59417,637800
36081120300,1642,68144,739500
36081120500,3024,60054,633500
36081120700,2794,90787,615100
36081121100,0,0,0
36081121500,4101,62330,538500
36081122300,3533,76027,674400
36081122701,10910,60561,397400
36081122702,6427,28125,446800
36081124100,3897,92228,588000
36081124700,3550,100236,609600
36081125700,3203,66100,553300
36081126500,1660,76298,587300
36081126700,4057,95481,580700
36081127700,3633,101696,885600
36081128300,73,0,0
36081129102,3341,114408,623500
36081129103,3566,103056,228800
36081129104,4102,105375,249500
36081130100,3791,88958,237100
36081133300,3679,129375,641900
36081133900,1302,105000,656900
36081134100,3259,81711,637100
36081134700,9572,76573,448600
36081136700,5879,72030,277100
36081137700,6606,78598,502300
36081138501,4743,78611,756100
36081138502,72,0,0
36081139900,1744,86500,673500
36081140300,2302,65833,539500
36081140901,914,49375,611700
36081140902,2603,89464,639800
36081141700,4475,90938,604300
36081142900,3624,83783,625800
36081143500,2199,92013,670400
36081144100,2926,79306,546900
36081144700,2927,60122,634500
36081145101,1360,67045,546000
36081145102,2468,80040,585800
36081145900,2772,91173,612600
36081146300,3000,67865,604200
36081146700,2736,72583,613200
36081147100,3341,76458,578400
36081147900,4241,89500,587900
36081148300,2863,138125,965900
36081150701,2930,107045,745900
36081150702,3178,101875,671500
36081152901,6401,79492,376100
36081152902,5126,88382,286700
36081155101,1806,106750,452200
36081155102,8185,96550,270400
36081156700,1790,100658,588400
36081157101,7216,76440,481600
36081157102,1996,65560,581300
36081157901,4800,100234,514700
36081157902,3836,81736,580800
36081157903,3944,97115,481300
36081161700,4297,94786,516700
36081162100,6197,77935,501300
36081990100,0,0,0
36085000300,1927,39167,345800
36085000600,2408,87071,386100
36085000700,4915,45429,168700
36085000800,5583,69583,403100
36085000900,2112,86667,463700
36085001100,3987,33056,311800
36085001700,1788,53125,466900
36085001800,731,52536,0
36085002001,2504,72313,449000
36085002002,3258,102813,462100
36085002100,4236,50938,308300
36085002700,2217,40917,434500
36085002900,5207,40500,353100
36085003300,3402,68911,437000
36085003600,2510,70547,398500
36085003900,2197,83750,279300
36085004000,12998,40741,324100
36085004700,3863,84464,453900
36085005000,3847,66304,436800
36085005900,2635,107167,585700
36085006400,3550,55938,490200
36085006700,2758,143992,547700
36085007000,8525,72177,487200
36085007400,4693,79112,452500
36085007500,3914,60880,453500
36085007700,1535,46500,357100
36085008100,4301,76842,394800
36085008900,0,0,0
36085009601,4024,65844,494800
36085009602,3461,68250,514800
36085009700,3925,86616,389100
36085010500,5153,61548,431900
36085011201,5758,71261,457700
36085011202,6428,93348,424800
36085011401,3067,56420,379400
36085011402,3450,74954,440800
36085012100,3065,111827,523400
36085012200,3813,96629,549800
36085012500,2939,62606,462000
36085012804,4259,80016,433100
36085012805,3158,67118,438100
36085012806,5955,82939,463500
36085013201,1558,88295,533600
36085013203,5433,95188,498900
36085013204,4843,85302,480900
36085013301,1633,18406,0
36085013302,3587,62688,414100
36085013400,3946,84792,487600
36085013800,6535,111250,527700
36085014100,2690,79141,355100
36085014604,6422,97500,487800
36085014605,3836,105469,523100
36085014606,6372,94267,432900
36085014607,4552,97292,471500
36085014608,3510,110574,454800
36085014700,3412,120603,518000
36085015100,5141,109189,470800
36085015400,0,0,0
36085015601,6330,93322,500800
36085015602,3320,91212,519600
36085015603,4265,86600,450300
36085016901,2970,87159,467500
36085017005,4507,110865,543200
36085017007,4968,80313,353200
36085017008,7388,106036,471000
36085017009,4299,98623,635800
36085017010,8583,97351,381500
36085017011,4549,89916,520500
36085017012,4279,110417,544400
36085017300,2523,58375,556600
36085017600,4815,97438,762800
36085017700,7001,100541,730300
36085018100,2974,117731,762700
36085018701,1807,101607,432100
36085018702,7485,85972,470400
36085018901,5333,91520,475200
36085018902,5064,88814,472600
36085019700,1867,85982,439500
36085019800,6300,119238,685400
36085020100,3572,86745,460700
36085020700,6399,52292,350500
36085020801,8977,78750,462000
36085020803,6463,91840,613200
36085020804,5323,110880,625200
36085021300,5376,67299,394000
36085022300,2880,54674,348300
36085022600,8490,82803,520900
36085022800,105,250001,586700
36085023100,4683,62864,342000
36085023900,3250,80125,386200
36085024401,5823,116875,714300
36085024402,4259,83947,506400
36085024700,2702,64732,389500
36085024800,4741,100088,550100
36085025100,5714,88859,456300
36085027301,3820,96125,376200
36085027302,3667,92786,527900
36085027702,6193,69600,277100
36085027704,4108,90632,482900
36085027705,5351,87370,503600
36085027706,2950,74563,419400
36085027900,2137,105781,642500
36085029102,2953,87531,414300
36085029103,7245,83680,518600
36085029104,6735,82639,450400
36085030301,4929,71816,365600
36085030302,6369,81844,360300
36085031901,3265,34229,344400
36085031902,4848,55556,361200
36085032300,1250,30074,203500
36085990100,0,0,0